{"cameraMode":{"drawMode":0,"name":"Shaded","section":"Shading Mode"},"sceneLighting":false,"audioPlay":false,"sceneViewState":{"showFog":true,"showMaterialUpdate":false,"showSkybox":true,"showFlares":true,"showImageEffects":true,"showParticleSystems":true},"in2DMode":false,"pivot":{"x":29.87346649169922,"y":0.12292098999023438,"z":8.818618774414063},"rotation":{"x":-0.28574642539024355,"y":-0.012364144437015057,"z":0.003687095595523715,"w":-0.9582184553146362},"size":57.249717712402347,"orthographic":false}